"subj_code","condition","desktop_conf","attent_conf","Ysym_side","test_stimulus","dv_selection","age","gender","tech_issues","dv_selection_rec"
"0VyujG1WhC50",1,"1: I confirm","1: I will take it seriously","left","img/2D_Left_Y_Symmetry_Big.svg",2,33,"2: female",NA,"not-Ysym"
"4TZ68j72hdli",1,"1: I confirm","1: I will take it seriously","left","img/2D_Left_Y_Symmetry_Big.svg",2,44,"2: female",NA,"not-Ysym"
"7f2BJpZBMUYu",1,"1: I confirm","1: I will take it seriously","left","img/2D_Left_Y_Symmetry_Big.svg",2,33,"2: female",NA,"not-Ysym"
"BNcTs3yFrVZ5",1,"1: I confirm","1: I will take it seriously","left","img/2D_Left_Y_Symmetry_Big.svg",2,39,"1: male",NA,"not-Ysym"
"Exu5YDK6Gtp3",1,"1: I confirm","1: I will take it seriously","left","img/2D_Left_Y_Symmetry_Big.svg",1,42,"1: male",NA,"None"
"F0En0pOIH6Dc",1,"1: I confirm","1: I will take it seriously","left","img/2D_Left_Y_Symmetry_Big.svg",2,32,"1: male",NA,"not-Ysym"
"FiFv1XYzeh6X",1,"1: I confirm","1: I will take it seriously","left","img/2D_Left_Y_Symmetry_Big.svg",2,51,"2: female",NA,"not-Ysym"
"G7T8eZ7JU18T",1,"1: I confirm","1: I will take it seriously","left","img/2D_Left_Y_Symmetry_Big.svg",2,34,"1: male",NA,"not-Ysym"
"HJoo8Zh1QfxC",1,"1: I confirm","1: I will take it seriously","left","img/2D_Left_Y_Symmetry_Big.svg",2,57,"2: female",NA,"not-Ysym"
"HTlm7FBD9PNn",1,"1: I confirm","1: I will take it seriously","left","img/2D_Left_Y_Symmetry_Big.svg",2,44,"2: female",NA,"not-Ysym"
"Ie9z1RRREjZc",1,"1: I confirm","1: I will take it seriously","left","img/2D_Left_Y_Symmetry_Big.svg",2,32,"2: female",NA,"not-Ysym"
"IjpPbsYrUXY0",1,"1: I confirm","1: I will take it seriously","left","img/2D_Left_Y_Symmetry_Big.svg",0,40,"2: female",NA,"Ysym"
"JavcUbYSWNvW",1,"1: I confirm","1: I will take it seriously","left","img/2D_Left_Y_Symmetry_Big.svg",2,67,"1: male","none","not-Ysym"
"OKDMM8XL7oQP",1,"1: I confirm","1: I will take it seriously","left","img/2D_Left_Y_Symmetry_Big.svg",2,23,"2: female",NA,"not-Ysym"
"Qrhaij6amORH",1,"1: I confirm","1: I will take it seriously","left","img/2D_Left_Y_Symmetry_Big.svg",2,31,"1: male",NA,"not-Ysym"
"R7hYOPqLxaQr",1,"1: I confirm","1: I will take it seriously","left","img/2D_Left_Y_Symmetry_Big.svg",2,31,"1: male",NA,"not-Ysym"
"V8PLrSiEN5xI",1,"1: I confirm","1: I will take it seriously","left","img/2D_Left_Y_Symmetry_Big.svg",2,30,"2: female",NA,"not-Ysym"
"Z2BpikX2jmfp",1,"1: I confirm","1: I will take it seriously","left","img/2D_Left_Y_Symmetry_Big.svg",2,43,"1: male","No errors.","not-Ysym"
"Z7FWPE8ChOOm",1,"1: I confirm","1: I will take it seriously","left","img/2D_Left_Y_Symmetry_Big.svg",2,26,"2: female",NA,"not-Ysym"
"atBe7T4apBOc",1,"1: I confirm","1: I will take it seriously","left","img/2D_Left_Y_Symmetry_Big.svg",2,40,"1: male",NA,"not-Ysym"
"fPmF65ISlM2Y",1,"1: I confirm","1: I will take it seriously","left","img/2D_Left_Y_Symmetry_Big.svg",2,52,"2: female","none","not-Ysym"
"fjIvrVi2KESW",1,"1: I confirm","1: I will take it seriously","left","img/2D_Left_Y_Symmetry_Big.svg",2,62,"2: female",NA,"not-Ysym"
"hZdJzDzrTRCH",1,"1: I confirm","1: I will take it seriously","left","img/2D_Left_Y_Symmetry_Big.svg",2,21,"1: male",NA,"not-Ysym"
"jCNdjz4rmmNJ",1,"1: I confirm","1: I will take it seriously","left","img/2D_Left_Y_Symmetry_Big.svg",2,46,"2: female",NA,"not-Ysym"
"jFafYHibOAH0",1,"1: I confirm","1: I will take it seriously","left","img/2D_Left_Y_Symmetry_Big.svg",2,28,"1: male","No errors apart form 'rather the right/left object' seems like an overly difficult way to phrase something.","not-Ysym"
"kHU7FZNEYS1u",1,"1: I confirm","1: I will take it seriously","left","img/2D_Left_Y_Symmetry_Big.svg",2,24,"2: female","nope","not-Ysym"
"rB1s6Knvoiq1",1,"1: I confirm","1: I will take it seriously","left","img/2D_Left_Y_Symmetry_Big.svg",2,38,"1: male",NA,"not-Ysym"
"so1RWsL2eH1e",1,"1: I confirm","1: I will take it seriously","left","img/2D_Left_Y_Symmetry_Big.svg",2,38,"1: male",NA,"not-Ysym"
"voOdIuABvIT5",1,"1: I confirm","1: I will take it seriously","left","img/2D_Left_Y_Symmetry_Big.svg",2,65,"2: female",NA,"not-Ysym"
"x8ucw4RBNT2m",1,"1: I confirm","1: I will take it seriously","left","img/2D_Left_Y_Symmetry_Big.svg",1,39,"1: male",NA,"None"
"3a1roLFcp5XE",2,"1: I confirm","1: I will take it seriously","left","img/2D_Left_Y_Symmetry_Angle.svg",2,24,"2: female",NA,"not-Ysym"
"BCWWpxUJPfl6",2,"1: I confirm","1: I will take it seriously","left","img/2D_Left_Y_Symmetry_Angle.svg",2,67,"2: female",NA,"not-Ysym"
"CSkL7MnbhaxC",2,"1: I confirm","1: I will take it seriously","left","img/2D_Left_Y_Symmetry_Angle.svg",0,39,"1: male","No issues","Ysym"
"D5f6piJD9NcE",2,"1: I confirm","1: I will take it seriously","left","img/2D_Left_Y_Symmetry_Angle.svg",2,57,"2: female",NA,"not-Ysym"
"DHtTK485HLnN",2,"1: I confirm","1: I will take it seriously","left","img/2D_Left_Y_Symmetry_Angle.svg",0,32,"2: female",NA,"Ysym"
"E25aeixO3EGD",2,"1: I confirm","1: I will take it seriously","left","img/2D_Left_Y_Symmetry_Angle.svg",2,29,"1: male","N/A","not-Ysym"
"E6bxWH9NsDc4",2,"1: I confirm","1: I will take it seriously","left","img/2D_Left_Y_Symmetry_Angle.svg",2,32,"1: male",NA,"not-Ysym"
"F3ETRcgpRIaI",2,"1: I confirm","1: I will take it seriously","left","img/2D_Left_Y_Symmetry_Angle.svg",2,26,"2: female",NA,"not-Ysym"
"IMkCzOOj6rHI",2,"1: I confirm","1: I will take it seriously","left","img/2D_Left_Y_Symmetry_Angle.svg",2,40,"1: male",NA,"not-Ysym"
"LXekpDEAFWmS",2,"1: I confirm","1: I will take it seriously","left","img/2D_Left_Y_Symmetry_Angle.svg",2,26,"1: male",NA,"not-Ysym"
"O2Il54G6nIaa",2,"1: I confirm","1: I will take it seriously","left","img/2D_Left_Y_Symmetry_Angle.svg",2,25,"2: female",NA,"not-Ysym"
"TK1Rnr8GYWbD",2,"1: I confirm","1: I will take it seriously","left","img/2D_Left_Y_Symmetry_Angle.svg",2,23,"1: male","No issues :).","not-Ysym"
"Twv1uaUYWCOk",2,"1: I confirm","1: I will take it seriously","left","img/2D_Left_Y_Symmetry_Angle.svg",2,40,"2: female",NA,"not-Ysym"
"UASx8A5rWQPY",2,"1: I confirm","1: I will take it seriously","left","img/2D_Left_Y_Symmetry_Angle.svg",2,70,"1: male",NA,"not-Ysym"
"VDxRbYn3eiEw",2,"1: I confirm","1: I will take it seriously","left","img/2D_Left_Y_Symmetry_Angle.svg",0,22,"1: male",NA,"Ysym"
"VM62Ue2whopl",2,"1: I confirm","1: I will take it seriously","left","img/2D_Left_Y_Symmetry_Angle.svg",2,42,"2: female",NA,"not-Ysym"
"VXi2ws7OZERR",2,"1: I confirm","1: I will take it seriously","left","img/2D_Left_Y_Symmetry_Angle.svg",2,69,"1: male",NA,"not-Ysym"
"Xh2QpiFa3zo8",2,"1: I confirm","1: I will take it seriously","left","img/2D_Left_Y_Symmetry_Angle.svg",2,44,"2: female","I felt that that the description ""small rectangles on it"" was not clear whether there were physica; rectangular shapes attached to the grey wall or if it was merely shapes or impressions. I assumed that it was shapes or impressions.","not-Ysym"
"bB7cMJBBmGJC",2,"1: I confirm","1: I will take it seriously","left","img/2D_Left_Y_Symmetry_Angle.svg",2,30,"1: male","None","not-Ysym"
"gQlbjszMKObJ",2,"1: I confirm","1: I will take it seriously","left","img/2D_Left_Y_Symmetry_Angle.svg",1,55,"2: female",NA,"None"
"hEwYCSoMADjy",2,"1: I confirm","1: I will take it seriously","left","img/2D_Left_Y_Symmetry_Angle.svg",2,25,"1: male",NA,"not-Ysym"
"hGFueR4Z6QSc",2,"1: I confirm","1: I will take it seriously","left","img/2D_Left_Y_Symmetry_Angle.svg",2,24,"1: male",NA,"not-Ysym"
"hcpND3Xzvo2d",2,"1: I confirm","1: I will take it seriously","left","img/2D_Left_Y_Symmetry_Angle.svg",2,48,"2: female","All good","not-Ysym"
"jC47xbzVE8Wg",2,"1: I confirm","1: I will take it seriously","left","img/2D_Left_Y_Symmetry_Angle.svg",2,51,"1: male","no issues/errors","not-Ysym"
"lpR0KesRQxes",2,"1: I confirm","1: I will take it seriously","left","img/2D_Left_Y_Symmetry_Angle.svg",0,47,"1: male",NA,"Ysym"
"qVV1KUMuffvs",2,"1: I confirm","1: I will take it seriously","left","img/2D_Left_Y_Symmetry_Angle.svg",0,49,"2: female",NA,"Ysym"
"sKyJOkoPiuGK",2,"1: I confirm","1: I will take it seriously","left","img/2D_Left_Y_Symmetry_Angle.svg",1,70,"2: female",NA,"None"
"taRrXPyORmep",2,"1: I confirm","1: I will take it seriously","left","img/2D_Left_Y_Symmetry_Angle.svg",1,41,"1: male",NA,"None"
"wYVmouVLmGaj",2,"1: I confirm","1: I will take it seriously","left","img/2D_Left_Y_Symmetry_Angle.svg",2,62,"2: female",NA,"not-Ysym"
"znWttQaNwrdg",2,"1: I confirm","1: I will take it seriously","left","img/2D_Left_Y_Symmetry_Angle.svg",2,36,"3: non-binary",NA,"not-Ysym"
"0PZ38pU5uLNp",3,"1: I confirm","1: I will take it seriously","left","img/2D_Left_Y_Symmetry_90_Rotation.svg",1,55,"2: female",NA,"None"
"1mshoeq76tNV",3,"1: I confirm","1: I will take it seriously","left","img/2D_Left_Y_Symmetry_90_Rotation.svg",2,70,"1: male","no problems","not-Ysym"
"96ANLi8NXGuR",3,"1: I confirm","1: I will take it seriously","left","img/2D_Left_Y_Symmetry_90_Rotation.svg",2,28,"1: male",NA,"not-Ysym"
"AS6oqpyRIIUv",3,"1: I confirm","1: I will take it seriously","left","img/2D_Left_Y_Symmetry_90_Rotation.svg",2,37,"2: female","n/a","not-Ysym"
"BDNSXG1iwg0U",3,"1: I confirm","1: I will take it seriously","left","img/2D_Left_Y_Symmetry_90_Rotation.svg",2,45,"1: male",NA,"not-Ysym"
"BeJgkLyx0xCM",3,"1: I confirm","1: I will take it seriously","left","img/2D_Left_Y_Symmetry_90_Rotation.svg",2,34,"2: female","none","not-Ysym"
"D2PCD8cEC94T",3,"1: I confirm","1: I will take it seriously","left","img/2D_Left_Y_Symmetry_90_Rotation.svg",1,23,"1: male",NA,"None"
"DkRaPm9Y4392",3,"1: I confirm","1: I will take it seriously","left","img/2D_Left_Y_Symmetry_90_Rotation.svg",2,51,"2: female",NA,"not-Ysym"
"DtC4Sj8wxtcL",3,"1: I confirm","1: I will take it seriously","left","img/2D_Left_Y_Symmetry_90_Rotation.svg",0,41,"1: male",NA,"Ysym"
"EuqdJGZi1fJw",3,"1: I confirm","1: I will take it seriously","left","img/2D_Left_Y_Symmetry_90_Rotation.svg",2,51,"1: male",NA,"not-Ysym"
"FckMkIGvaa6g",3,"1: I confirm","1: I will take it seriously","left","img/2D_Left_Y_Symmetry_90_Rotation.svg",2,57,"1: male","No errors.  All was clear.","not-Ysym"
"GQY0ZnmeXdsq",3,"1: I confirm","1: I will take it seriously","left","img/2D_Left_Y_Symmetry_90_Rotation.svg",2,41,"2: female","none","not-Ysym"
"L4S7g11BBw5f",3,"1: I confirm","1: I will take it seriously","left","img/2D_Left_Y_Symmetry_90_Rotation.svg",1,35,"1: male","n/a","None"
"LgiMLBtY0uP8",3,"1: I confirm","1: I will take it seriously","left","img/2D_Left_Y_Symmetry_90_Rotation.svg",0,55,"1: male",NA,"Ysym"
"ONGqobwVTq0Z",3,"1: I confirm","1: I will take it seriously","left","img/2D_Left_Y_Symmetry_90_Rotation.svg",2,69,"2: female",NA,"not-Ysym"
"OpqZedEMryBB",3,"1: I confirm","1: I will take it seriously","left","img/2D_Left_Y_Symmetry_90_Rotation.svg",2,42,"1: male","none was found","not-Ysym"
"R8eqW5TDtZEP",3,"1: I confirm","1: I will take it seriously","left","img/2D_Left_Y_Symmetry_90_Rotation.svg",2,25,"1: male",NA,"not-Ysym"
"VmyDsT1N0e9S",3,"1: I confirm","1: I will take it seriously","left","img/2D_Left_Y_Symmetry_90_Rotation.svg",2,35,"1: male",NA,"not-Ysym"
"WSu7aUCZzYMd",3,"1: I confirm","1: I will take it seriously","left","img/2D_Left_Y_Symmetry_90_Rotation.svg",2,33,"1: male",NA,"not-Ysym"
"X72tpyurw6BC",3,"1: I confirm","1: I will take it seriously","left","img/2D_Left_Y_Symmetry_90_Rotation.svg",2,58,"2: female",NA,"not-Ysym"
"YEw2l7t2zzRw",3,"1: I confirm","1: I will take it seriously","left","img/2D_Left_Y_Symmetry_90_Rotation.svg",0,29,"2: female",NA,"Ysym"
"ZLlgz7DvdhJy",3,"1: I confirm","1: I will take it seriously","left","img/2D_Left_Y_Symmetry_90_Rotation.svg",2,65,"1: male","ALL SEEMED OK","not-Ysym"
"gYrgNSc6UTyH",3,"1: I confirm","1: I will take it seriously","left","img/2D_Left_Y_Symmetry_90_Rotation.svg",2,41,"2: female",NA,"not-Ysym"
"ik2Bi8385hwv",3,"1: I confirm","1: I will take it seriously","left","img/2D_Left_Y_Symmetry_90_Rotation.svg",2,43,"2: female",NA,"not-Ysym"
"jF99Jp6x0TSY",3,"1: I confirm","1: I will take it seriously","left","img/2D_Left_Y_Symmetry_90_Rotation.svg",2,26,"1: male","n.a","not-Ysym"
"jfMDUshMcQyt",3,"1: I confirm","1: I will take it seriously","left","img/2D_Left_Y_Symmetry_90_Rotation.svg",1,38,"2: female",NA,"None"
"kijv408YIV6a",3,"1: I confirm","1: I will take it seriously","left","img/2D_Left_Y_Symmetry_90_Rotation.svg",1,26,"1: male","none","None"
"nnFTogPfFXtL",3,"1: I confirm","1: I will take it seriously","left","img/2D_Left_Y_Symmetry_90_Rotation.svg",2,34,"2: female",NA,"not-Ysym"
"ojZfgbd8Hj30",3,"1: I confirm","1: I will take it seriously","left","img/2D_Left_Y_Symmetry_90_Rotation.svg",2,30,"1: male",NA,"not-Ysym"
"rkYkHlMwWjU1",3,"1: I confirm","1: I will take it seriously","left","img/2D_Left_Y_Symmetry_90_Rotation.svg",2,36,"2: female",NA,"not-Ysym"
"1mXdSGJyAp6R",4,"1: I confirm","1: I will take it seriously","left","img/2D_Left_Y_Symmetry_180_Rotation.svg",2,21,"2: female","none","not-Ysym"
"4SJx8SUZ0G8g",4,"1: I confirm","1: I will take it seriously","left","img/2D_Left_Y_Symmetry_180_Rotation.svg",2,31,"1: male",NA,"not-Ysym"
"CcfgoZM35w7M",4,"1: I confirm","1: I will take it seriously","left","img/2D_Left_Y_Symmetry_180_Rotation.svg",1,54,"1: male","None.","None"
"ErlVFv51OURU",4,"1: I confirm","1: I will take it seriously","left","img/2D_Left_Y_Symmetry_180_Rotation.svg",2,35,"1: male",NA,"not-Ysym"
"HzybXKjVsju3",4,"1: I confirm","1: I will take it seriously","left","img/2D_Left_Y_Symmetry_180_Rotation.svg",2,29,"2: female",NA,"not-Ysym"
"IZ2WxuXBYTMa",4,"1: I confirm","1: I will take it seriously","left","img/2D_Left_Y_Symmetry_180_Rotation.svg",2,31,"1: male",NA,"not-Ysym"
"KjQEDRqYQKzj",4,"1: I confirm","1: I will take it seriously","left","img/2D_Left_Y_Symmetry_180_Rotation.svg",2,70,"1: male","No errors","not-Ysym"
"OCN8gyA1sSO8",4,"1: I confirm","1: I will take it seriously","left","img/2D_Left_Y_Symmetry_180_Rotation.svg",2,50,"1: male",NA,"not-Ysym"
"P65hEbVg3ACL",4,"1: I confirm","1: I will take it seriously","left","img/2D_Left_Y_Symmetry_180_Rotation.svg",1,18,"1: male",NA,"None"
"PYq1vqH1DHUX",4,"1: I confirm","1: I will take it seriously","left","img/2D_Left_Y_Symmetry_180_Rotation.svg",2,34,"2: female",NA,"not-Ysym"
"RQ5dNWbrwj2R",4,"1: I confirm","1: I will take it seriously","left","img/2D_Left_Y_Symmetry_180_Rotation.svg",2,28,"1: male","None","not-Ysym"
"U6pVOhzvdaSP",4,"1: I confirm","1: I will take it seriously","left","img/2D_Left_Y_Symmetry_180_Rotation.svg",2,36,"2: female",NA,"not-Ysym"
"UgpOrefFlDjW",4,"1: I confirm","1: I will take it seriously","left","img/2D_Left_Y_Symmetry_180_Rotation.svg",2,62,"2: female",NA,"not-Ysym"
"WRio89KSV7xa",4,"1: I confirm","1: I will take it seriously","left","img/2D_Left_Y_Symmetry_180_Rotation.svg",2,35,"1: male",NA,"not-Ysym"
"WjowWx1hftRS",4,"1: I confirm","1: I will take it seriously","left","img/2D_Left_Y_Symmetry_180_Rotation.svg",2,60,"1: male","none","not-Ysym"
"XKdv6glRecax",4,"1: I confirm","1: I will take it seriously","left","img/2D_Left_Y_Symmetry_180_Rotation.svg",2,30,"1: male",NA,"not-Ysym"
"aZokbphQ4pOC",4,"1: I confirm","1: I will take it seriously","left","img/2D_Left_Y_Symmetry_180_Rotation.svg",2,54,"2: female",NA,"not-Ysym"
"bx0O0F8waB2h",4,"1: I confirm","1: I will take it seriously","left","img/2D_Left_Y_Symmetry_180_Rotation.svg",2,35,"2: female","no errors","not-Ysym"
"eBEay110867A",4,"1: I confirm","1: I will take it seriously","left","img/2D_Left_Y_Symmetry_180_Rotation.svg",0,43,"2: female",NA,"Ysym"
"fJ9c5Q82uR7r",4,"1: I confirm","1: I will take it seriously","left","img/2D_Left_Y_Symmetry_180_Rotation.svg",0,32,"1: male",NA,"Ysym"
"lIOrirdUOeB4",4,"1: I confirm","1: I will take it seriously","left","img/2D_Left_Y_Symmetry_180_Rotation.svg",2,28,"1: male","no errors","not-Ysym"
"nws1CoMWxqUU",4,"1: I confirm","1: I will take it seriously","left","img/2D_Left_Y_Symmetry_180_Rotation.svg",2,36,"1: male",NA,"not-Ysym"
"p67E3Uv9dDCx",4,"1: I confirm","1: I will take it seriously","left","img/2D_Left_Y_Symmetry_180_Rotation.svg",1,67,"2: female",NA,"None"
"pltX5IS96pz1",4,"1: I confirm","1: I will take it seriously","left","img/2D_Left_Y_Symmetry_180_Rotation.svg",2,25,"4: prefer not to say",NA,"not-Ysym"
"qK175wdvsVFM",4,"1: I confirm","1: I will take it seriously","left","img/2D_Left_Y_Symmetry_180_Rotation.svg",2,25,"1: male",NA,"not-Ysym"
"qkcjHTpgdlc7",4,"1: I confirm","1: I will take it seriously","left","img/2D_Left_Y_Symmetry_180_Rotation.svg",2,37,"1: male",NA,"not-Ysym"
"s0ETBBMQsQpx",4,"1: I confirm","1: I will take it seriously","left","img/2D_Left_Y_Symmetry_180_Rotation.svg",2,37,"1: male","no errors","not-Ysym"
"t1ag6zLGznZp",4,"1: I confirm","1: I will take it seriously","left","img/2D_Left_Y_Symmetry_180_Rotation.svg",1,73,"1: male",NA,"None"
"tVUj0yWl4MZu",4,"1: I confirm","1: I will take it seriously","left","img/2D_Left_Y_Symmetry_180_Rotation.svg",2,46,"1: male",NA,"not-Ysym"
"zoGbOf0OTT2X",4,"1: I confirm","1: I will take it seriously","left","img/2D_Left_Y_Symmetry_180_Rotation.svg",0,47,"2: female",NA,"Ysym"
"0ml0epsSgqeO",5,"1: I confirm","1: I will take it seriously","left","img/2D_Left_Y_Symmetry_X_Symmetry.svg",2,55,"2: female",NA,"not-Ysym"
"5bcT47YSN0RK",5,"1: I confirm","1: I will take it seriously","left","img/2D_Left_Y_Symmetry_X_Symmetry.svg",2,25,"3: non-binary",NA,"not-Ysym"
"8n1sRFohZaaq",5,"1: I confirm","1: I will take it seriously","left","img/2D_Left_Y_Symmetry_X_Symmetry.svg",1,54,"1: male",NA,"None"
"AwNILh0id68l",5,"1: I confirm","1: I will take it seriously","left","img/2D_Left_Y_Symmetry_X_Symmetry.svg",2,33,"1: male","I think it would have been nice if I had the opportunity to go back and remind myself the original orientation of the first shape I saw. I have doubts about my recall as the level of encoding I did at first was, frankly, superficial (i.e., I recall thinking, ""oh, it's a black triangle"" without noting its specific orientation, as I did not know I would be comparing it to yet another black triangle of comparable size differing only in orientation). 

PLEASE KNOW: My intention was to pick a symbol of different orientation as my best guess for which symbol is emitting a different intensity of alpha radiation.","not-Ysym"
"BbRRXaw4hE19",5,"1: I confirm","1: I will take it seriously","left","img/2D_Left_Y_Symmetry_X_Symmetry.svg",2,22,"2: female",NA,"not-Ysym"
"BmX0yL9pVXVC",5,"1: I confirm","1: I will take it seriously","left","img/2D_Left_Y_Symmetry_X_Symmetry.svg",0,31,"2: female",NA,"Ysym"
"CCjSslDlamKp",5,"1: I confirm","1: I will take it seriously","left","img/2D_Left_Y_Symmetry_X_Symmetry.svg",2,36,"2: female","None","not-Ysym"
"D67hFzf1Oyy4",5,"1: I confirm","1: I will take it seriously","left","img/2D_Left_Y_Symmetry_X_Symmetry.svg",0,33,"1: male",NA,"Ysym"
"DAbUj941EkLJ",5,"1: I confirm","1: I will take it seriously","left","img/2D_Left_Y_Symmetry_X_Symmetry.svg",1,31,"1: male",NA,"None"
"E2wAZfQuWpAn",5,"1: I confirm","1: I will take it seriously","left","img/2D_Left_Y_Symmetry_X_Symmetry.svg",0,51,"1: male",NA,"Ysym"
"G2oe5hnBsJOF",5,"1: I confirm","1: I will take it seriously","left","img/2D_Left_Y_Symmetry_X_Symmetry.svg",2,39,"2: female",NA,"not-Ysym"
"Hn4P6EUZLswp",5,"1: I confirm","1: I will take it seriously","left","img/2D_Left_Y_Symmetry_X_Symmetry.svg",2,23,"2: female",NA,"not-Ysym"
"IbQrwgUYhLNR",5,"1: I confirm","1: I will take it seriously","left","img/2D_Left_Y_Symmetry_X_Symmetry.svg",0,31,"2: female",NA,"Ysym"
"OTSL9PeOtkx3",5,"1: I confirm","1: I will take it seriously","left","img/2D_Left_Y_Symmetry_X_Symmetry.svg",2,67,"1: male","No errors during the study.","not-Ysym"
"OumKxbdXnxhs",5,"1: I confirm","1: I will take it seriously","left","img/2D_Left_Y_Symmetry_X_Symmetry.svg",0,24,"1: male",NA,"Ysym"
"PKSjvg8iBmtf",5,"1: I confirm","1: I will take it seriously","left","img/2D_Left_Y_Symmetry_X_Symmetry.svg",2,50,"2: female",NA,"not-Ysym"
"QzW0FhqTOrQW",5,"1: I confirm","1: I will take it seriously","left","img/2D_Left_Y_Symmetry_X_Symmetry.svg",2,31,"1: male","None","not-Ysym"
"UHPB8q0eHbFh",5,"1: I confirm","1: I will take it seriously","left","img/2D_Left_Y_Symmetry_X_Symmetry.svg",2,57,"1: male","none","not-Ysym"
"ZBBEJfZSzrWJ",5,"1: I confirm","1: I will take it seriously","left","img/2D_Left_Y_Symmetry_X_Symmetry.svg",2,36,"2: female",NA,"not-Ysym"
"ZLlOzxSMyuib",5,"1: I confirm","1: I will take it seriously","left","img/2D_Left_Y_Symmetry_X_Symmetry.svg",2,47,"1: male",NA,"not-Ysym"
"aoc4WzhDKzBz",5,"1: I confirm","1: I will take it seriously","left","img/2D_Left_Y_Symmetry_X_Symmetry.svg",2,34,"1: male",NA,"not-Ysym"
"chXEcsm9PclN",5,"1: I confirm","1: I will take it seriously","left","img/2D_Left_Y_Symmetry_X_Symmetry.svg",2,47,"1: male",NA,"not-Ysym"
"d3ZPCfvNTden",5,"1: I confirm","1: I will take it seriously","left","img/2D_Left_Y_Symmetry_X_Symmetry.svg",2,23,"1: male",NA,"not-Ysym"
"dPHl3DwV0uDh",5,"1: I confirm","1: I will take it seriously","left","img/2D_Left_Y_Symmetry_X_Symmetry.svg",0,53,"1: male",NA,"Ysym"
"dcX9ptXBnwxo",5,"1: I confirm","1: I will take it seriously","left","img/2D_Left_Y_Symmetry_X_Symmetry.svg",0,24,"1: male","none","Ysym"
"fUfLuu5EupFM",5,"1: I confirm","1: I will take it seriously","left","img/2D_Left_Y_Symmetry_X_Symmetry.svg",2,43,"2: female",NA,"not-Ysym"
"mi3FNtOFTHj2",5,"1: I confirm","1: I will take it seriously","left","img/2D_Left_Y_Symmetry_X_Symmetry.svg",2,28,"2: female","I didn't experience any, everything worked great!","not-Ysym"
"qHdBUef9l6pQ",5,"1: I confirm","1: I will take it seriously","left","img/2D_Left_Y_Symmetry_X_Symmetry.svg",0,33,"1: male",NA,"Ysym"
"uKWMoO9JqxiH",5,"1: I confirm","1: I will take it seriously","left","img/2D_Left_Y_Symmetry_X_Symmetry.svg",2,35,"1: male",NA,"not-Ysym"
"z46VWcw6dlaO",5,"1: I confirm","1: I will take it seriously","left","img/2D_Left_Y_Symmetry_X_Symmetry.svg",0,29,"1: male",NA,"Ysym"
"0Fd4hfsz4cLy",6,"1: I confirm","1: I will take it seriously","left","img/2D_Left_Y_Symmetry_Y_Translation.svg",1,31,"1: male",NA,"None"
"0gtuAySPY6Op",6,"1: I confirm","1: I will take it seriously","left","img/2D_Left_Y_Symmetry_Y_Translation.svg",2,40,"1: male",NA,"not-Ysym"
"1LP8x1IARrCy",6,"1: I confirm","1: I will take it seriously","left","img/2D_Left_Y_Symmetry_Y_Translation.svg",0,21,"1: male","none","Ysym"
"3mVlO3KyvCDR",6,"1: I confirm","1: I will take it seriously","left","img/2D_Left_Y_Symmetry_Y_Translation.svg",2,43,"2: female","none","not-Ysym"
"40cfH8oaZvXz",6,"1: I confirm","1: I will take it seriously","left","img/2D_Left_Y_Symmetry_Y_Translation.svg",2,35,"2: female",NA,"not-Ysym"
"A7gru1Xq9aX2",6,"1: I confirm","1: I will take it seriously","left","img/2D_Left_Y_Symmetry_Y_Translation.svg",0,50,"1: male","n/a","Ysym"
"CPlQB71MqDXk",6,"1: I confirm","1: I will take it seriously","left","img/2D_Left_Y_Symmetry_Y_Translation.svg",1,53,"2: female","none","None"
"DmsxfXHYEZPN",6,"1: I confirm","1: I will take it seriously","left","img/2D_Left_Y_Symmetry_Y_Translation.svg",0,51,"1: male",NA,"Ysym"
"F8VZd7cKTKl9",6,"1: I confirm","1: I will take it seriously","left","img/2D_Left_Y_Symmetry_Y_Translation.svg",2,35,"2: female",NA,"not-Ysym"
"G8XTK0crSSr2",6,"1: I confirm","1: I will take it seriously","left","img/2D_Left_Y_Symmetry_Y_Translation.svg",2,25,"2: female",NA,"not-Ysym"
"IYLOkd2Brh49",6,"1: I confirm","1: I will take it seriously","left","img/2D_Left_Y_Symmetry_Y_Translation.svg",1,55,"1: male","n/a","None"
"MUorZ8oljUob",6,"1: I confirm","1: I will take it seriously","left","img/2D_Left_Y_Symmetry_Y_Translation.svg",2,53,"2: female",NA,"not-Ysym"
"STrntbXJfDHb",6,"1: I confirm","1: I will take it seriously","left","img/2D_Left_Y_Symmetry_Y_Translation.svg",2,40,"1: male","none","not-Ysym"
"VBQfDK2IoO9J",6,"1: I confirm","1: I will take it seriously","left","img/2D_Left_Y_Symmetry_Y_Translation.svg",0,41,"1: male",NA,"Ysym"
"VTRfLx21pAIn",6,"1: I confirm","1: I will take it seriously","left","img/2D_Left_Y_Symmetry_Y_Translation.svg",2,27,"1: male","no errors","not-Ysym"
"WWnqPBhsJCK1",6,"1: I confirm","1: I will take it seriously","left","img/2D_Left_Y_Symmetry_Y_Translation.svg",0,46,"2: female",NA,"Ysym"
"WyJ5LNfJMR3z",6,"1: I confirm","1: I will take it seriously","left","img/2D_Left_Y_Symmetry_Y_Translation.svg",0,27,"1: male",NA,"Ysym"
"a7dXpqhhJapj",6,"1: I confirm","1: I will take it seriously","left","img/2D_Left_Y_Symmetry_Y_Translation.svg",2,44,"1: male",NA,"not-Ysym"
"aKaVSaGGuF8B",6,"1: I confirm","1: I will take it seriously","left","img/2D_Left_Y_Symmetry_Y_Translation.svg",0,27,"2: female",NA,"Ysym"
"ePjcHokO6lTo",6,"1: I confirm","1: I will take it seriously","left","img/2D_Left_Y_Symmetry_Y_Translation.svg",2,50,"2: female",NA,"not-Ysym"
"hZhW01rO4YDl",6,"1: I confirm","1: I will take it seriously","left","img/2D_Left_Y_Symmetry_Y_Translation.svg",1,60,"1: male",NA,"None"
"neiFQ49v2Qy8",6,"1: I confirm","1: I will take it seriously","left","img/2D_Left_Y_Symmetry_Y_Translation.svg",2,25,"1: male",NA,"not-Ysym"
"ogDsUKJPIaTS",6,"1: I confirm","1: I will take it seriously","left","img/2D_Left_Y_Symmetry_Y_Translation.svg",2,38,"2: female",NA,"not-Ysym"
"q2EZ7c04ceTJ",6,"1: I confirm","1: I will take it seriously","left","img/2D_Left_Y_Symmetry_Y_Translation.svg",2,49,"1: male",NA,"not-Ysym"
"sn20fKs1OmwE",6,"1: I confirm","1: I will take it seriously","left","img/2D_Left_Y_Symmetry_Y_Translation.svg",2,51,"1: male",NA,"not-Ysym"
"udzNK8ylHwNt",6,"1: I confirm","1: I will take it seriously","left","img/2D_Left_Y_Symmetry_Y_Translation.svg",2,47,"2: female",NA,"not-Ysym"
"vMFj3pq7duCu",6,"1: I confirm","1: I will take it seriously","left","img/2D_Left_Y_Symmetry_Y_Translation.svg",1,47,"1: male","No issues.","None"
"y6n5MK2INHPf",6,"1: I confirm","1: I will take it seriously","left","img/2D_Left_Y_Symmetry_Y_Translation.svg",0,44,"1: male",NA,"Ysym"
"ykdAwLZpccTw",6,"1: I confirm","1: I will take it seriously","left","img/2D_Left_Y_Symmetry_Y_Translation.svg",0,19,"1: male",NA,"Ysym"
"zYFoIbH8GuT8",6,"1: I confirm","1: I will take it seriously","left","img/2D_Left_Y_Symmetry_Y_Translation.svg",2,21,"1: male",NA,"not-Ysym"
"0PwGgfhbEjC4",7,"1: I confirm","1: I will take it seriously","left","img/2D_Left_Y_Symmetry_X_Translation.svg",2,35,"2: female","N/A","not-Ysym"
"0j0peIb2er0R",7,"1: I confirm","1: I will take it seriously","left","img/2D_Left_Y_Symmetry_X_Translation.svg",2,32,"1: male",NA,"not-Ysym"
"3DpC1P8COm9z",7,"1: I confirm","1: I will take it seriously","left","img/2D_Left_Y_Symmetry_X_Translation.svg",2,27,"2: female","none","not-Ysym"
"3cVommd4fyxX",7,"1: I confirm","1: I will take it seriously","left","img/2D_Left_Y_Symmetry_X_Translation.svg",2,24,"1: male",NA,"not-Ysym"
"6DEMERFS4Qel",7,"1: I confirm","1: I will take it seriously","left","img/2D_Left_Y_Symmetry_X_Translation.svg",2,36,"2: female",NA,"not-Ysym"
"6ecx2EzgVZCf",7,"1: I confirm","1: I will take it seriously","left","img/2D_Left_Y_Symmetry_X_Translation.svg",2,28,"1: male",NA,"not-Ysym"
"8dnZdCPTPhlq",7,"1: I confirm","1: I will take it seriously","left","img/2D_Left_Y_Symmetry_X_Translation.svg",1,40,"2: female","Everything seemed to work as intended. Good luck with your project! :-)","None"
"9A5fNfOJXdf9",7,"1: I confirm","1: I will take it seriously","left","img/2D_Left_Y_Symmetry_X_Translation.svg",0,30,"1: male","All worked fine","Ysym"
"DT4yWOaoXWI1",7,"1: I confirm","1: I will take it seriously","left","img/2D_Left_Y_Symmetry_X_Translation.svg",2,32,"1: male",NA,"not-Ysym"
"DyAEdRAwMNuu",7,"1: I confirm","1: I will take it seriously","left","img/2D_Left_Y_Symmetry_X_Translation.svg",1,45,"2: female",NA,"None"
"E2ugu2v6qNhE",7,"1: I confirm","1: I will take it seriously","left","img/2D_Left_Y_Symmetry_X_Translation.svg",2,39,"1: male",NA,"not-Ysym"
"ILDvWWOVySk2",7,"1: I confirm","1: I will take it seriously","left","img/2D_Left_Y_Symmetry_X_Translation.svg",2,38,"2: female","No errors or problems.","not-Ysym"
"JJoQQjoCVTvc",7,"1: I confirm","1: I will take it seriously","left","img/2D_Left_Y_Symmetry_X_Translation.svg",2,27,"2: female",NA,"not-Ysym"
"MCBzA24Z8mu8",7,"1: I confirm","1: I will take it seriously","left","img/2D_Left_Y_Symmetry_X_Translation.svg",2,26,"1: male",NA,"not-Ysym"
"PcKInd1cHnaS",7,"1: I confirm","1: I will take it seriously","left","img/2D_Left_Y_Symmetry_X_Translation.svg",2,24,"2: female",NA,"not-Ysym"
"QihC8G77bli2",7,"1: I confirm","1: I will take it seriously","left","img/2D_Left_Y_Symmetry_X_Translation.svg",1,20,"2: female","none","None"
"TR1Zy2YLtIPI",7,"1: I confirm","1: I will take it seriously","left","img/2D_Left_Y_Symmetry_X_Translation.svg",2,23,"1: male",NA,"not-Ysym"
"UK8wmLgJeiNR",7,"1: I confirm","1: I will take it seriously","left","img/2D_Left_Y_Symmetry_X_Translation.svg",2,28,"1: male","none","not-Ysym"
"Uu8d3Egaju8B",7,"1: I confirm","1: I will take it seriously","left","img/2D_Left_Y_Symmetry_X_Translation.svg",1,55,"1: male",NA,"None"
"Y2zGqJYTghiM",7,"1: I confirm","1: I will take it seriously","left","img/2D_Left_Y_Symmetry_X_Translation.svg",1,46,"2: female","No errors encountered.","None"
"ZBCwJtNHWWJO",7,"1: I confirm","1: I will take it seriously","left","img/2D_Left_Y_Symmetry_X_Translation.svg",0,36,"1: male",NA,"Ysym"
"abdVaN5Uir83",7,"1: I confirm","1: I will take it seriously","left","img/2D_Left_Y_Symmetry_X_Translation.svg",0,29,"1: male",NA,"Ysym"
"iQtOdpBKhlkc",7,"1: I confirm","1: I will take it seriously","left","img/2D_Left_Y_Symmetry_X_Translation.svg",0,52,"2: female",NA,"Ysym"
"j1yzKTxtASIo",7,"1: I confirm","1: I will take it seriously","left","img/2D_Left_Y_Symmetry_X_Translation.svg",0,27,"1: male","No errors","Ysym"
"jamS9W0lhBpo",7,"1: I confirm","1: I will take it seriously","left","img/2D_Left_Y_Symmetry_X_Translation.svg",2,28,"2: female",NA,"not-Ysym"
"lZDHEnUGbYVs",7,"1: I confirm","1: I will take it seriously","left","img/2D_Left_Y_Symmetry_X_Translation.svg",2,34,"1: male",NA,"not-Ysym"
"neHY99QgoHPz",7,"1: I confirm","1: I will take it seriously","left","img/2D_Left_Y_Symmetry_X_Translation.svg",2,40,"1: male",NA,"not-Ysym"
"nh4itT1xfOEB",7,"1: I confirm","1: I will take it seriously","left","img/2D_Left_Y_Symmetry_X_Translation.svg",0,41,"1: male","No errors to report","Ysym"
"pWUX8wKf1L8B",7,"1: I confirm","1: I will take it seriously","left","img/2D_Left_Y_Symmetry_X_Translation.svg",2,45,"2: female",NA,"not-Ysym"
"w7gRuQXgb8AP",7,"1: I confirm","1: I will take it seriously","left","img/2D_Left_Y_Symmetry_X_Translation.svg",2,36,"2: female",NA,"not-Ysym"
"2XQ0bow9CkBW",8,"1: I confirm","1: I will take it seriously","right","img/2D_Right_Y_Symmetry_Big.svg",2,39,"2: female","None that I noticed.","Ysym"
"2m75MWTR9vll",8,"1: I confirm","1: I will take it seriously","right","img/2D_Right_Y_Symmetry_Big.svg",0,27,"2: female","nil","not-Ysym"
"5vkeDe9UnaAZ",8,"1: I confirm","1: I will take it seriously","right","img/2D_Right_Y_Symmetry_Big.svg",0,32,"1: male",NA,"not-Ysym"
"7d1oE9c0FkFE",8,"1: I confirm","1: I will take it seriously","right","img/2D_Right_Y_Symmetry_Big.svg",0,24,"2: female",NA,"not-Ysym"
"8HO1QbV3VYW7",8,"1: I confirm","1: I will take it seriously","right","img/2D_Right_Y_Symmetry_Big.svg",2,32,"1: male",NA,"Ysym"
"BYN968RhpI38",8,"1: I confirm","1: I will take it seriously","right","img/2D_Right_Y_Symmetry_Big.svg",0,37,"2: female",NA,"not-Ysym"
"CFTTDiDuaY8h",8,"1: I confirm","1: I will take it seriously","right","img/2D_Right_Y_Symmetry_Big.svg",2,32,"1: male",NA,"Ysym"
"DDKzHmkwdmTe",8,"1: I confirm","1: I will take it seriously","right","img/2D_Right_Y_Symmetry_Big.svg",2,20,"2: female",NA,"Ysym"
"Hm6xoNhLCkt3",8,"1: I confirm","1: I will take it seriously","right","img/2D_Right_Y_Symmetry_Big.svg",1,21,"2: female",NA,"None"
"MGDG57maZ53k",8,"1: I confirm","1: I will take it seriously","right","img/2D_Right_Y_Symmetry_Big.svg",1,59,"2: female","None","None"
"MnTiMVWOvAGc",8,"1: I confirm","1: I will take it seriously","right","img/2D_Right_Y_Symmetry_Big.svg",2,63,"2: female","none","Ysym"
"OBbfKKDM6vgF",8,"1: I confirm","1: I will take it seriously","right","img/2D_Right_Y_Symmetry_Big.svg",0,26,"2: female",NA,"not-Ysym"
"P8kG9bix3KT6",8,"1: I confirm","1: I will take it seriously","right","img/2D_Right_Y_Symmetry_Big.svg",2,31,"1: male",NA,"Ysym"
"VFgiQPYejPw4",8,"1: I confirm","1: I will take it seriously","right","img/2D_Right_Y_Symmetry_Big.svg",0,21,"1: male",NA,"not-Ysym"
"WHEVcJSc3xF3",8,"1: I confirm","1: I will take it seriously","right","img/2D_Right_Y_Symmetry_Big.svg",0,26,"1: male",NA,"not-Ysym"
"X9IhJjHzUNpi",8,"1: I confirm","1: I will take it seriously","right","img/2D_Right_Y_Symmetry_Big.svg",2,24,"1: male",NA,"Ysym"
"ZM4T013dOueA",8,"1: I confirm","1: I will take it seriously","right","img/2D_Right_Y_Symmetry_Big.svg",2,41,"1: male",NA,"Ysym"
"a8SoWYYJOtgz",8,"1: I confirm","1: I will take it seriously","right","img/2D_Right_Y_Symmetry_Big.svg",0,43,"1: male","Good study, good luck with research","not-Ysym"
"dPksOMYPDXdn",8,"1: I confirm","1: I will take it seriously","right","img/2D_Right_Y_Symmetry_Big.svg",2,27,"2: female",NA,"Ysym"
"dpRGpfAyclwv",8,"1: I confirm","1: I will take it seriously","right","img/2D_Right_Y_Symmetry_Big.svg",1,33,"1: male",NA,"None"
"eSDU3CHHllR6",8,"1: I confirm","1: I will take it seriously","right","img/2D_Right_Y_Symmetry_Big.svg",0,41,"1: male",NA,"not-Ysym"
"fyZN6xI6fzbB",8,"1: I confirm","1: I will take it seriously","right","img/2D_Right_Y_Symmetry_Big.svg",2,28,"1: male",NA,"Ysym"
"gne6nt18b1Le",8,"1: I confirm","1: I will take it seriously","right","img/2D_Right_Y_Symmetry_Big.svg",2,52,"1: male",NA,"Ysym"
"hTPCfCfRb9yN",8,"1: I confirm","1: I will take it seriously","right","img/2D_Right_Y_Symmetry_Big.svg",2,62,"1: male",NA,"Ysym"
"k1H0ekKCtdH4",8,"1: I confirm","1: I will take it seriously","right","img/2D_Right_Y_Symmetry_Big.svg",1,22,"1: male",NA,"None"
"tbGSv08t4gVd",8,"1: I confirm","1: I will take it seriously","right","img/2D_Right_Y_Symmetry_Big.svg",0,30,"2: female",NA,"not-Ysym"
"vLuFNQ03Q8On",8,"1: I confirm","1: I will take it seriously","right","img/2D_Right_Y_Symmetry_Big.svg",0,34,"1: male",NA,"not-Ysym"
"vp0BQPg5wssZ",8,"1: I confirm","1: I will take it seriously","right","img/2D_Right_Y_Symmetry_Big.svg",0,38,"2: female",NA,"not-Ysym"
"xR43Xhfnp8s2",8,"1: I confirm","1: I will take it seriously","right","img/2D_Right_Y_Symmetry_Big.svg",2,33,"1: male",NA,"Ysym"
"ycnNxkQGQwei",8,"1: I confirm","1: I will take it seriously","right","img/2D_Right_Y_Symmetry_Big.svg",0,44,"2: female",NA,"not-Ysym"
"0yCFZlDiPtgl",9,"1: I confirm","1: I will take it seriously","right","img/2D_Right_Y_Symmetry_Angle.svg",0,39,"2: female",NA,"not-Ysym"
"2c6cNF8IlRh9",9,"1: I confirm","1: I will take it seriously","right","img/2D_Right_Y_Symmetry_Angle.svg",0,25,"2: female","n/a","not-Ysym"
"33r1xZ9Nxizb",9,"1: I confirm","1: I will take it seriously","right","img/2D_Right_Y_Symmetry_Angle.svg",0,46,"2: female",NA,"not-Ysym"
"6C7Ulgvk8lzP",9,"1: I confirm","1: I will take it seriously","right","img/2D_Right_Y_Symmetry_Angle.svg",1,46,"1: male","NONE","None"
"8xNDr4Gqf87k",9,"1: I confirm","1: I will take it seriously","right","img/2D_Right_Y_Symmetry_Angle.svg",0,18,"2: female",NA,"not-Ysym"
"DhYrU9opG6wA",9,"1: I confirm","1: I will take it seriously","right","img/2D_Right_Y_Symmetry_Angle.svg",0,24,"2: female",NA,"not-Ysym"
"EAjMC1mBDAdL",9,"1: I confirm","1: I will take it seriously","right","img/2D_Right_Y_Symmetry_Angle.svg",0,31,"1: male",NA,"not-Ysym"
"EXJ8yhsAD639",9,"1: I confirm","1: I will take it seriously","right","img/2D_Right_Y_Symmetry_Angle.svg",2,22,"2: female",NA,"Ysym"
"F9har9CfJG0d",9,"1: I confirm","1: I will take it seriously","right","img/2D_Right_Y_Symmetry_Angle.svg",0,29,"2: female",NA,"not-Ysym"
"Gf0ct4yMZJ2p",9,"1: I confirm","1: I will take it seriously","right","img/2D_Right_Y_Symmetry_Angle.svg",0,26,"1: male",NA,"not-Ysym"
"GpSH6HYFGOBN",9,"1: I confirm","1: I will take it seriously","right","img/2D_Right_Y_Symmetry_Angle.svg",0,33,"1: male","no errors but surprisingly enough the shapes are so similar i was second guessing myself. ty for the work","not-Ysym"
"Irkh92K9CGuI",9,"1: I confirm","1: I will take it seriously","right","img/2D_Right_Y_Symmetry_Angle.svg",0,35,"2: female",NA,"not-Ysym"
"R2XxR9k2l4TU",9,"1: I confirm","1: I will take it seriously","right","img/2D_Right_Y_Symmetry_Angle.svg",2,55,"2: female",NA,"Ysym"
"RhZ70CV7Mdhx",9,"1: I confirm","1: I will take it seriously","right","img/2D_Right_Y_Symmetry_Angle.svg",2,25,"1: male","no errors","Ysym"
"SJBPSo4wBvTf",9,"1: I confirm","1: I will take it seriously","right","img/2D_Right_Y_Symmetry_Angle.svg",0,29,"1: male","n/a","not-Ysym"
"TOagpvpDyHjk",9,"1: I confirm","1: I will take it seriously","right","img/2D_Right_Y_Symmetry_Angle.svg",0,42,"2: female",NA,"not-Ysym"
"UMTz5RVJM633",9,"1: I confirm","1: I will take it seriously","right","img/2D_Right_Y_Symmetry_Angle.svg",0,37,"1: male","None","not-Ysym"
"bDsFiQY4Axl7",9,"1: I confirm","1: I will take it seriously","right","img/2D_Right_Y_Symmetry_Angle.svg",2,37,"1: male",NA,"Ysym"
"bXmQeniLuAS9",9,"1: I confirm","1: I will take it seriously","right","img/2D_Right_Y_Symmetry_Angle.svg",2,73,"1: male","no","Ysym"
"eWvE0JkYJu5M",9,"1: I confirm","1: I will take it seriously","right","img/2D_Right_Y_Symmetry_Angle.svg",0,39,"2: female",NA,"not-Ysym"
"f8PYM1qkAIOM",9,"1: I confirm","1: I will take it seriously","right","img/2D_Right_Y_Symmetry_Angle.svg",1,49,"2: female",NA,"None"
"fKi6K0axErvO",9,"1: I confirm","1: I will take it seriously","right","img/2D_Right_Y_Symmetry_Angle.svg",1,19,"1: male","no","None"
"gLvzJrXV0wvn",9,"1: I confirm","1: I will take it seriously","right","img/2D_Right_Y_Symmetry_Angle.svg",2,20,"1: male",NA,"Ysym"
"iukHIXZhB51Z",9,"1: I confirm","1: I will take it seriously","right","img/2D_Right_Y_Symmetry_Angle.svg",0,80,"1: male",NA,"not-Ysym"
"k3D6ZhNcdw2K",9,"1: I confirm","1: I will take it seriously","right","img/2D_Right_Y_Symmetry_Angle.svg",0,30,"1: male","I missed any errors.","not-Ysym"
"lOKjzJNxna7F",9,"1: I confirm","1: I will take it seriously","right","img/2D_Right_Y_Symmetry_Angle.svg",2,34,"1: male",NA,"Ysym"
"q2fZjPeEzMo5",9,"1: I confirm","1: I will take it seriously","right","img/2D_Right_Y_Symmetry_Angle.svg",0,42,"1: male",NA,"not-Ysym"
"yB3yZlDxmABG",9,"1: I confirm","1: I will take it seriously","right","img/2D_Right_Y_Symmetry_Angle.svg",0,30,"2: female",NA,"not-Ysym"
"z5pY6ktgvz5D",9,"1: I confirm","1: I will take it seriously","right","img/2D_Right_Y_Symmetry_Angle.svg",0,31,"1: male","Is that it?","not-Ysym"
"zOAFRfJ5y8NY",9,"1: I confirm","1: I will take it seriously","right","img/2D_Right_Y_Symmetry_Angle.svg",0,32,"2: female","Nothing at all.","not-Ysym"
"0aM6vBpso3Pl",10,"1: I confirm","1: I will take it seriously","right","img/2D_Right_Y_Symmetry_90_Rotation.svg",0,30,"1: male",NA,"not-Ysym"
"6H4tCnmjzqxM",10,"1: I confirm","1: I will take it seriously","right","img/2D_Right_Y_Symmetry_90_Rotation.svg",0,50,"2: female","n/a","not-Ysym"
"8z8Tbz9WnL86",10,"1: I confirm","1: I will take it seriously","right","img/2D_Right_Y_Symmetry_90_Rotation.svg",1,55,"2: female","All good thank you.","None"
"9WEuJRWLQ3A5",10,"1: I confirm","1: I will take it seriously","right","img/2D_Right_Y_Symmetry_90_Rotation.svg",2,42,"2: female","none","Ysym"
"ED09ncztogAR",10,"1: I confirm","1: I will take it seriously","right","img/2D_Right_Y_Symmetry_90_Rotation.svg",0,39,"2: female",NA,"not-Ysym"
"GDkPebLSwIE5",10,"1: I confirm","1: I will take it seriously","right","img/2D_Right_Y_Symmetry_90_Rotation.svg",2,35,"1: male",NA,"Ysym"
"GijzrhVQ1scz",10,"1: I confirm","1: I will take it seriously","right","img/2D_Right_Y_Symmetry_90_Rotation.svg",0,26,"1: male",NA,"not-Ysym"
"HNNfcg0xLZGv",10,"1: I confirm","1: I will take it seriously","right","img/2D_Right_Y_Symmetry_90_Rotation.svg",0,33,"2: female",NA,"not-Ysym"
"HgQtHaGR69gy",10,"1: I confirm","1: I will take it seriously","right","img/2D_Right_Y_Symmetry_90_Rotation.svg",1,47,"1: male",NA,"None"
"MbszdeTwfNbh",10,"1: I confirm","1: I will take it seriously","right","img/2D_Right_Y_Symmetry_90_Rotation.svg",0,29,"2: female",NA,"not-Ysym"
"N5NHonttmH6k",10,"1: I confirm","1: I will take it seriously","right","img/2D_Right_Y_Symmetry_90_Rotation.svg",1,30,"1: male",NA,"None"
"NrzI0euTPbBG",10,"1: I confirm","1: I will take it seriously","right","img/2D_Right_Y_Symmetry_90_Rotation.svg",0,24,"1: male",NA,"not-Ysym"
"Pdv6q0JYK3GL",10,"1: I confirm","1: I will take it seriously","right","img/2D_Right_Y_Symmetry_90_Rotation.svg",1,51,"1: male",NA,"None"
"RejVdfaZlOgr",10,"1: I confirm","1: I will take it seriously","right","img/2D_Right_Y_Symmetry_90_Rotation.svg",0,41,"2: female",NA,"not-Ysym"
"Rm42sR5YfXVc",10,"1: I confirm","1: I will take it seriously","right","img/2D_Right_Y_Symmetry_90_Rotation.svg",0,52,"2: female","none","not-Ysym"
"WAov220KqQDc",10,"1: I confirm","1: I will take it seriously","right","img/2D_Right_Y_Symmetry_90_Rotation.svg",0,33,"2: female",NA,"not-Ysym"
"XpV1cGXrBjXH",10,"1: I confirm","1: I will take it seriously","right","img/2D_Right_Y_Symmetry_90_Rotation.svg",0,31,"1: male",NA,"not-Ysym"
"aVeC6PpaLbi1",10,"1: I confirm","1: I will take it seriously","right","img/2D_Right_Y_Symmetry_90_Rotation.svg",0,28,"1: male","N/A","not-Ysym"
"c8CT83wmMvtM",10,"1: I confirm","1: I will take it seriously","right","img/2D_Right_Y_Symmetry_90_Rotation.svg",0,41,"1: male",NA,"not-Ysym"
"dUwadZw948ZG",10,"1: I confirm","1: I will take it seriously","right","img/2D_Right_Y_Symmetry_90_Rotation.svg",2,30,"1: male","None","Ysym"
"dc2acdulWaMf",10,"1: I confirm","1: I will take it seriously","right","img/2D_Right_Y_Symmetry_90_Rotation.svg",2,40,"2: female",NA,"Ysym"
"eT4RgE2mW6mB",10,"1: I confirm","1: I will take it seriously","right","img/2D_Right_Y_Symmetry_90_Rotation.svg",0,51,"2: female","all worked well","not-Ysym"
"eWQNWX8gT6AG",10,"1: I confirm","1: I will take it seriously","right","img/2D_Right_Y_Symmetry_90_Rotation.svg",0,23,"2: female",NA,"not-Ysym"
"gfoGwnvHMbUR",10,"1: I confirm","1: I will take it seriously","right","img/2D_Right_Y_Symmetry_90_Rotation.svg",0,56,"2: female",NA,"not-Ysym"
"lQmSUxV5g15Q",10,"1: I confirm","1: I will take it seriously","right","img/2D_Right_Y_Symmetry_90_Rotation.svg",2,40,"1: male",NA,"Ysym"
"nwGtoAKEZqh0",10,"1: I confirm","1: I will take it seriously","right","img/2D_Right_Y_Symmetry_90_Rotation.svg",1,30,"1: male","no errors","None"
"o4G9KAd8W9h6",10,"1: I confirm","1: I will take it seriously","right","img/2D_Right_Y_Symmetry_90_Rotation.svg",0,23,"1: male",NA,"not-Ysym"
"sVZo3Wa60897",10,"1: I confirm","1: I will take it seriously","right","img/2D_Right_Y_Symmetry_90_Rotation.svg",0,20,"1: male",NA,"not-Ysym"
"vNd3ixPBckTa",10,"1: I confirm","1: I will take it seriously","right","img/2D_Right_Y_Symmetry_90_Rotation.svg",0,39,"1: male","no errors","not-Ysym"
"wojf1U158SlR",10,"1: I confirm","1: I will take it seriously","right","img/2D_Right_Y_Symmetry_90_Rotation.svg",2,50,"2: female","none","Ysym"
"2HDrpgqpEzo6",11,"1: I confirm","1: I will take it seriously","right","img/2D_Right_Y_Symmetry_180_Rotation.svg",2,41,"1: male","None","Ysym"
"6zpvvfZWaaLZ",11,"1: I confirm","1: I will take it seriously","right","img/2D_Right_Y_Symmetry_180_Rotation.svg",0,38,"2: female","None","not-Ysym"
"8QHLu3MmKNXZ",11,"1: I confirm","1: I will take it seriously","right","img/2D_Right_Y_Symmetry_180_Rotation.svg",0,34,"2: female","none","not-Ysym"
"9X4xeSXHzhIs",11,"1: I confirm","1: I will take it seriously","right","img/2D_Right_Y_Symmetry_180_Rotation.svg",2,20,"1: male",NA,"Ysym"
"9r4DyIxzUDRl",11,"1: I confirm","1: I will take it seriously","right","img/2D_Right_Y_Symmetry_180_Rotation.svg",2,21,"1: male",NA,"Ysym"
"A6Pdb4UN2qfh",11,"1: I confirm","1: I will take it seriously","right","img/2D_Right_Y_Symmetry_180_Rotation.svg",2,24,"1: male",NA,"Ysym"
"FW9Bg1zZUFD3",11,"1: I confirm","1: I will take it seriously","right","img/2D_Right_Y_Symmetry_180_Rotation.svg",2,45,"2: female",NA,"Ysym"
"GIiXP1cR5HUb",11,"1: I confirm","1: I will take it seriously","right","img/2D_Right_Y_Symmetry_180_Rotation.svg",0,40,"2: female",NA,"not-Ysym"
"GolZTtEQpDXC",11,"1: I confirm","1: I will take it seriously","right","img/2D_Right_Y_Symmetry_180_Rotation.svg",0,54,"1: male",NA,"not-Ysym"
"H03EqlsQfArU",11,"1: I confirm","1: I will take it seriously","right","img/2D_Right_Y_Symmetry_180_Rotation.svg",2,25,"1: male",NA,"Ysym"
"ILgbgdezTRuZ",11,"1: I confirm","1: I will take it seriously","right","img/2D_Right_Y_Symmetry_180_Rotation.svg",2,21,"2: female","No errors","Ysym"
"KDpXBL5o053G",11,"1: I confirm","1: I will take it seriously","right","img/2D_Right_Y_Symmetry_180_Rotation.svg",2,27,"1: male",NA,"Ysym"
"Na5bmpFStubi",11,"1: I confirm","1: I will take it seriously","right","img/2D_Right_Y_Symmetry_180_Rotation.svg",1,47,"1: male",NA,"None"
"P3w4rYSOJgST",11,"1: I confirm","1: I will take it seriously","right","img/2D_Right_Y_Symmetry_180_Rotation.svg",1,34,"2: female",NA,"None"
"Q61ff88IfdzQ",11,"1: I confirm","1: I will take it seriously","right","img/2D_Right_Y_Symmetry_180_Rotation.svg",0,75,"2: female","I did not come across any errors at all, thank you.","not-Ysym"
"QEEeDbhnbmGP",11,"1: I confirm","1: I will take it seriously","right","img/2D_Right_Y_Symmetry_180_Rotation.svg",0,25,"1: male",NA,"not-Ysym"
"QoGHpozwcgSK",11,"1: I confirm","1: I will take it seriously","right","img/2D_Right_Y_Symmetry_180_Rotation.svg",0,30,"1: male","na","not-Ysym"
"S4Do3B7NmDK5",11,"1: I confirm","1: I will take it seriously","right","img/2D_Right_Y_Symmetry_180_Rotation.svg",1,60,"2: female",NA,"None"
"SfKfmMG8PL1w",11,"1: I confirm","1: I will take it seriously","right","img/2D_Right_Y_Symmetry_180_Rotation.svg",2,37,"2: female",NA,"Ysym"
"U5xfDVVElEAR",11,"1: I confirm","1: I will take it seriously","right","img/2D_Right_Y_Symmetry_180_Rotation.svg",0,32,"1: male","n/a","not-Ysym"
"UwIQDnXWXA3f",11,"1: I confirm","1: I will take it seriously","right","img/2D_Right_Y_Symmetry_180_Rotation.svg",0,39,"2: female",NA,"not-Ysym"
"Wpij1r1ecaKq",11,"1: I confirm","1: I will take it seriously","right","img/2D_Right_Y_Symmetry_180_Rotation.svg",0,35,"2: female",NA,"not-Ysym"
"av7BOYOP0DP2",11,"1: I confirm","1: I will take it seriously","right","img/2D_Right_Y_Symmetry_180_Rotation.svg",2,36,"1: male",NA,"Ysym"
"eOo350P9thAJ",11,"1: I confirm","1: I will take it seriously","right","img/2D_Right_Y_Symmetry_180_Rotation.svg",0,33,"1: male",NA,"not-Ysym"
"p1dqcqvHOAf8",11,"1: I confirm","1: I will take it seriously","right","img/2D_Right_Y_Symmetry_180_Rotation.svg",2,26,"2: female",NA,"Ysym"
"q9YQ1nm2j3av",11,"1: I confirm","1: I will take it seriously","right","img/2D_Right_Y_Symmetry_180_Rotation.svg",0,41,"2: female",NA,"not-Ysym"
"qJtHkdy9pq3h",11,"1: I confirm","1: I will take it seriously","right","img/2D_Right_Y_Symmetry_180_Rotation.svg",0,25,"2: female",NA,"not-Ysym"
"sVfNiWLMWktf",11,"1: I confirm","1: I will take it seriously","right","img/2D_Right_Y_Symmetry_180_Rotation.svg",0,23,"2: female",NA,"not-Ysym"
"voaZm0YmMwXf",11,"1: I confirm","1: I will take it seriously","right","img/2D_Right_Y_Symmetry_180_Rotation.svg",0,43,"1: male",NA,"not-Ysym"
"zjjIsnBz9kAz",11,"1: I confirm","1: I will take it seriously","right","img/2D_Right_Y_Symmetry_180_Rotation.svg",0,23,"1: male","None","not-Ysym"
"3Qmtih2Wb8ap",12,"1: I confirm","1: I will take it seriously","right","img/2D_Right_Y_Symmetry_X_Symmetry.svg",2,22,"1: male",NA,"Ysym"
"4KWpKGymMZQF",12,"1: I confirm","1: I will take it seriously","right","img/2D_Right_Y_Symmetry_X_Symmetry.svg",1,50,"1: male",NA,"None"
"4SfbrtpIlbN7",12,"1: I confirm","1: I will take it seriously","right","img/2D_Right_Y_Symmetry_X_Symmetry.svg",2,25,"1: male",NA,"Ysym"
"534VFE0Uz90K",12,"1: I confirm","1: I will take it seriously","right","img/2D_Right_Y_Symmetry_X_Symmetry.svg",0,59,"1: male",NA,"not-Ysym"
"6AvOiPwwUW2W",12,"1: I confirm","1: I will take it seriously","right","img/2D_Right_Y_Symmetry_X_Symmetry.svg",0,37,"1: male",NA,"not-Ysym"
"9yUxFOzpw8AI",12,"1: I confirm","1: I will take it seriously","right","img/2D_Right_Y_Symmetry_X_Symmetry.svg",1,35,"1: male",NA,"None"
"A8BHuFDaIWgB",12,"1: I confirm","1: I will take it seriously","right","img/2D_Right_Y_Symmetry_X_Symmetry.svg",2,21,"1: male",NA,"Ysym"
"DsfBSjDQfVrr",12,"1: I confirm","1: I will take it seriously","right","img/2D_Right_Y_Symmetry_X_Symmetry.svg",0,28,"2: female",NA,"not-Ysym"
"FVC7FzdunIAz",12,"1: I confirm","1: I will take it seriously","right","img/2D_Right_Y_Symmetry_X_Symmetry.svg",2,30,"1: male",NA,"Ysym"
"GdJqllcC4ghe",12,"1: I confirm","1: I will take it seriously","right","img/2D_Right_Y_Symmetry_X_Symmetry.svg",0,40,"2: female",NA,"not-Ysym"
"J0g0XI5q16XT",12,"1: I confirm","1: I will take it seriously","right","img/2D_Right_Y_Symmetry_X_Symmetry.svg",2,21,"1: male",NA,"Ysym"
"K3r6yidjG7OS",12,"1: I confirm","1: I will take it seriously","right","img/2D_Right_Y_Symmetry_X_Symmetry.svg",0,21,"2: female",NA,"not-Ysym"
"KxD5ugoDM9Ba",12,"1: I confirm","1: I will take it seriously","right","img/2D_Right_Y_Symmetry_X_Symmetry.svg",0,22,"2: female","n/a","not-Ysym"
"OJ7HTTwY9KEW",12,"1: I confirm","1: I will take it seriously","right","img/2D_Right_Y_Symmetry_X_Symmetry.svg",0,28,"2: female",NA,"not-Ysym"
"PG55Ukrb4PgT",12,"1: I confirm","1: I will take it seriously","right","img/2D_Right_Y_Symmetry_X_Symmetry.svg",0,35,"2: female",NA,"not-Ysym"
"SRzNW95Ir5HD",12,"1: I confirm","1: I will take it seriously","right","img/2D_Right_Y_Symmetry_X_Symmetry.svg",1,48,"2: female",NA,"None"
"VpMXsDSzc6eV",12,"1: I confirm","1: I will take it seriously","right","img/2D_Right_Y_Symmetry_X_Symmetry.svg",1,35,"1: male",NA,"None"
"XGTAudRochgS",12,"1: I confirm","1: I will take it seriously","right","img/2D_Right_Y_Symmetry_X_Symmetry.svg",0,65,"1: male","All good","not-Ysym"
"c2WpmRSXIaR4",12,"1: I confirm","1: I will take it seriously","right","img/2D_Right_Y_Symmetry_X_Symmetry.svg",1,31,"2: female","none","None"
"hsrMbCNer6ui",12,"1: I confirm","1: I will take it seriously","right","img/2D_Right_Y_Symmetry_X_Symmetry.svg",1,54,"2: female",NA,"None"
"iVsjyv4cyjb3",12,"1: I confirm","1: I will take it seriously","right","img/2D_Right_Y_Symmetry_X_Symmetry.svg",2,19,"1: male",NA,"Ysym"
"jThi4bLSq3vC",12,"1: I confirm","1: I will take it seriously","right","img/2D_Right_Y_Symmetry_X_Symmetry.svg",2,28,"1: male",NA,"Ysym"
"pON1NQYAlhUc",12,"1: I confirm","1: I will take it seriously","right","img/2D_Right_Y_Symmetry_X_Symmetry.svg",2,32,"1: male","No errors.","Ysym"
"rkhGn4tek4hf",12,"1: I confirm","1: I will take it seriously","right","img/2D_Right_Y_Symmetry_X_Symmetry.svg",0,61,"2: female",NA,"not-Ysym"
"sJnzvIg1m2qg",12,"1: I confirm","1: I will take it seriously","right","img/2D_Right_Y_Symmetry_X_Symmetry.svg",1,39,"1: male","Thanks for the opportunity","None"
"tTHngZqqCPeI",12,"1: I confirm","1: I will take it seriously","right","img/2D_Right_Y_Symmetry_X_Symmetry.svg",0,20,"1: male",NA,"not-Ysym"
"uLwsQT1V12w0",12,"1: I confirm","1: I will take it seriously","right","img/2D_Right_Y_Symmetry_X_Symmetry.svg",1,21,"1: male",NA,"None"
"uwTKyIk9XORI",12,"1: I confirm","1: I will take it seriously","right","img/2D_Right_Y_Symmetry_X_Symmetry.svg",0,50,"1: male",NA,"not-Ysym"
"wGzpuP1XyJ78",12,"1: I confirm","1: I will take it seriously","right","img/2D_Right_Y_Symmetry_X_Symmetry.svg",0,41,"1: male",NA,"not-Ysym"
"wPkXkcnylkOn",12,"1: I confirm","1: I will take it seriously","right","img/2D_Right_Y_Symmetry_X_Symmetry.svg",2,66,"2: female",NA,"Ysym"
"1QWteqcNH28d",13,"1: I confirm","1: I will take it seriously","right","img/2D_Right_Y_Symmetry_Y_Translation.svg",0,52,"1: male",NA,"not-Ysym"
"1j7bWCmcU4G8",13,"1: I confirm","1: I will take it seriously","right","img/2D_Right_Y_Symmetry_Y_Translation.svg",0,47,"2: female",NA,"not-Ysym"
"4Wtlq76CD37I",13,"1: I confirm","1: I will take it seriously","right","img/2D_Right_Y_Symmetry_Y_Translation.svg",2,40,"1: male","no issues","Ysym"
"4mmDVBqqu5eY",13,"1: I confirm","1: I will take it seriously","right","img/2D_Right_Y_Symmetry_Y_Translation.svg",2,32,"1: male","no errors","Ysym"
"5HFXl7qcuZO9",13,"1: I confirm","1: I will take it seriously","right","img/2D_Right_Y_Symmetry_Y_Translation.svg",0,74,"2: female","N/A","not-Ysym"
"63ocY93hzAxt",13,"1: I confirm","1: I will take it seriously","right","img/2D_Right_Y_Symmetry_Y_Translation.svg",2,23,"1: male",NA,"Ysym"
"BfvasbskAgfD",13,"1: I confirm","1: I will take it seriously","right","img/2D_Right_Y_Symmetry_Y_Translation.svg",1,52,"2: female","The study was fine.. Thank you","None"
"COv5qlTrSGCX",13,"1: I confirm","1: I will take it seriously","right","img/2D_Right_Y_Symmetry_Y_Translation.svg",1,38,"2: female","none","None"
"DIPIkIrEsc0t",13,"1: I confirm","1: I will take it seriously","right","img/2D_Right_Y_Symmetry_Y_Translation.svg",0,31,"1: male","no problems to report on this study.","not-Ysym"
"DSfIpaVDC02E",13,"1: I confirm","1: I will take it seriously","right","img/2D_Right_Y_Symmetry_Y_Translation.svg",2,27,"1: male",NA,"Ysym"
"DixbLrGemMFJ",13,"1: I confirm","1: I will take it seriously","right","img/2D_Right_Y_Symmetry_Y_Translation.svg",2,31,"1: male",NA,"Ysym"
"Dx9FYWZTJDQ6",13,"1: I confirm","1: I will take it seriously","right","img/2D_Right_Y_Symmetry_Y_Translation.svg",0,24,"3: non-binary",NA,"not-Ysym"
"E6NECHAP9nR5",13,"1: I confirm","1: I will take it seriously","right","img/2D_Right_Y_Symmetry_Y_Translation.svg",2,19,"1: male",NA,"Ysym"
"JvPo3zWuHG8G",13,"1: I confirm","1: I will take it seriously","right","img/2D_Right_Y_Symmetry_Y_Translation.svg",2,32,"2: female",NA,"Ysym"
"K4xJBItRzGD4",13,"1: I confirm","1: I will take it seriously","right","img/2D_Right_Y_Symmetry_Y_Translation.svg",1,18,"1: male",NA,"None"
"NKJAzPLYodYM",13,"1: I confirm","1: I will take it seriously","right","img/2D_Right_Y_Symmetry_Y_Translation.svg",2,45,"1: male",NA,"Ysym"
"OIox842CdoQz",13,"1: I confirm","1: I will take it seriously","right","img/2D_Right_Y_Symmetry_Y_Translation.svg",0,51,"1: male",NA,"not-Ysym"
"QbLfXuBCMext",13,"1: I confirm","1: I will take it seriously","right","img/2D_Right_Y_Symmetry_Y_Translation.svg",2,41,"1: male",NA,"Ysym"
"R5BGzqjBUyYz",13,"1: I confirm","1: I will take it seriously","right","img/2D_Right_Y_Symmetry_Y_Translation.svg",1,30,"2: female",NA,"None"
"Uiv77qquL5Ao",13,"1: I confirm","1: I will take it seriously","right","img/2D_Right_Y_Symmetry_Y_Translation.svg",1,28,"2: female",NA,"None"
"XOMfa3b50AL7",13,"1: I confirm","1: I will take it seriously","right","img/2D_Right_Y_Symmetry_Y_Translation.svg",2,55,"2: female",NA,"Ysym"
"XRmS9QvevtgW",13,"1: I confirm","1: I will take it seriously","right","img/2D_Right_Y_Symmetry_Y_Translation.svg",2,50,"1: male",NA,"Ysym"
"asfLNi3dzQvS",13,"1: I confirm","1: I will take it seriously","right","img/2D_Right_Y_Symmetry_Y_Translation.svg",2,44,"1: male",NA,"Ysym"
"eAiTihFWxxww",13,"1: I confirm","1: I will take it seriously","right","img/2D_Right_Y_Symmetry_Y_Translation.svg",0,83,"2: female",NA,"not-Ysym"
"gZ9RnVP37Urg",13,"1: I confirm","1: I will take it seriously","right","img/2D_Right_Y_Symmetry_Y_Translation.svg",2,25,"2: female",NA,"Ysym"
"gt3juYcBmDNI",13,"1: I confirm","1: I will take it seriously","right","img/2D_Right_Y_Symmetry_Y_Translation.svg",0,26,"2: female",NA,"not-Ysym"
"hWJtqNmslo4x",13,"1: I confirm","1: I will take it seriously","right","img/2D_Right_Y_Symmetry_Y_Translation.svg",0,61,"2: female",NA,"not-Ysym"
"halqfM0zQHRi",13,"1: I confirm","1: I will take it seriously","right","img/2D_Right_Y_Symmetry_Y_Translation.svg",0,25,"1: male",NA,"not-Ysym"
"ko8DhLwj1fGR",13,"1: I confirm","1: I will take it seriously","right","img/2D_Right_Y_Symmetry_Y_Translation.svg",2,24,"2: female",NA,"Ysym"
"lJgtcJBjzise",13,"1: I confirm","1: I will take it seriously","right","img/2D_Right_Y_Symmetry_Y_Translation.svg",0,33,"1: male",NA,"not-Ysym"
"8BRfezunA5An",14,"1: I confirm","1: I will take it seriously","right","img/2D_Right_Y_Symmetry_X_Translation.svg",0,36,"1: male",NA,"not-Ysym"
"AZE09BZynUO3",14,"1: I confirm","1: I will take it seriously","right","img/2D_Right_Y_Symmetry_X_Translation.svg",2,54,"1: male",NA,"Ysym"
"AgoHDDHNuw96",14,"1: I confirm","1: I will take it seriously","right","img/2D_Right_Y_Symmetry_X_Translation.svg",1,49,"1: male","no errors","None"
"AxX91Ux3wVsJ",14,"1: I confirm","1: I will take it seriously","right","img/2D_Right_Y_Symmetry_X_Translation.svg",2,36,"2: female","N/A - did not notice any errors","Ysym"
"BpT4UptOhO71",14,"1: I confirm","1: I will take it seriously","right","img/2D_Right_Y_Symmetry_X_Translation.svg",1,53,"1: male","none","None"
"EouzZ6j9W0CF",14,"1: I confirm","1: I will take it seriously","right","img/2D_Right_Y_Symmetry_X_Translation.svg",0,27,"2: female",NA,"not-Ysym"
"FEEicISk64Ji",14,"1: I confirm","1: I will take it seriously","right","img/2D_Right_Y_Symmetry_X_Translation.svg",2,54,"2: female","none","Ysym"
"GpZqLSVjUjAM",14,"1: I confirm","1: I will take it seriously","right","img/2D_Right_Y_Symmetry_X_Translation.svg",2,36,"1: male",NA,"Ysym"
"HlUQ2HAmhC6Q",14,"1: I confirm","1: I will take it seriously","right","img/2D_Right_Y_Symmetry_X_Translation.svg",1,35,"2: female",NA,"None"
"IUEFzMiIyOpv",14,"1: I confirm","1: I will take it seriously","right","img/2D_Right_Y_Symmetry_X_Translation.svg",0,34,"2: female",NA,"not-Ysym"
"J2WwDADXItLj",14,"1: I confirm","1: I will take it seriously","right","img/2D_Right_Y_Symmetry_X_Translation.svg",0,33,"1: male","None that had a significant impact on the study or my progression through the study","not-Ysym"
"LzFk4qUQUMAo",14,"1: I confirm","1: I will take it seriously","right","img/2D_Right_Y_Symmetry_X_Translation.svg",0,71,"2: female",NA,"not-Ysym"
"RhsnVM6B0gUz",14,"1: I confirm","1: I will take it seriously","right","img/2D_Right_Y_Symmetry_X_Translation.svg",2,32,"2: female",NA,"Ysym"
"TfuiWc4LEmUL",14,"1: I confirm","1: I will take it seriously","right","img/2D_Right_Y_Symmetry_X_Translation.svg",0,22,"1: male",NA,"not-Ysym"
"UC7AKWLqnQVY",14,"1: I confirm","1: I will take it seriously","right","img/2D_Right_Y_Symmetry_X_Translation.svg",1,30,"1: male","nil","None"
"XICY8XYIrVc5",14,"1: I confirm","1: I will take it seriously","right","img/2D_Right_Y_Symmetry_X_Translation.svg",2,28,"1: male",NA,"Ysym"
"XVAbQRxbQubg",14,"1: I confirm","1: I will take it seriously","right","img/2D_Right_Y_Symmetry_X_Translation.svg",0,49,"1: male",NA,"not-Ysym"
"XubbtLfPDcgO",14,"1: I confirm","1: I will take it seriously","right","img/2D_Right_Y_Symmetry_X_Translation.svg",0,29,"1: male",NA,"not-Ysym"
"YmCQEvSGpDkt",14,"1: I confirm","1: I will take it seriously","right","img/2D_Right_Y_Symmetry_X_Translation.svg",2,62,"1: male","NONE","Ysym"
"ZKMbblRWZ4pd",14,"1: I confirm","1: I will take it seriously","right","img/2D_Right_Y_Symmetry_X_Translation.svg",2,42,"1: male",NA,"Ysym"
"bTNLvEDjTt5N",14,"1: I confirm","1: I will take it seriously","right","img/2D_Right_Y_Symmetry_X_Translation.svg",2,31,"1: male",NA,"Ysym"
"giieDaR1eUrS",14,"1: I confirm","1: I will take it seriously","right","img/2D_Right_Y_Symmetry_X_Translation.svg",0,46,"1: male",NA,"not-Ysym"
"iTUQA5tPHNGV",14,"1: I confirm","1: I will take it seriously","right","img/2D_Right_Y_Symmetry_X_Translation.svg",0,35,"1: male",NA,"not-Ysym"
"jGTsYOIFkOrR",14,"1: I confirm","1: I will take it seriously","right","img/2D_Right_Y_Symmetry_X_Translation.svg",0,29,"1: male","No errors.","not-Ysym"
"nzAwo0w41Sg2",14,"1: I confirm","1: I will take it seriously","right","img/2D_Right_Y_Symmetry_X_Translation.svg",1,45,"1: male",NA,"None"
"ogJafzXmoVRc",14,"1: I confirm","1: I will take it seriously","right","img/2D_Right_Y_Symmetry_X_Translation.svg",0,61,"1: male",NA,"not-Ysym"
"rCboOaOySolq",14,"1: I confirm","1: I will take it seriously","right","img/2D_Right_Y_Symmetry_X_Translation.svg",0,30,"2: female",NA,"not-Ysym"
"sbWxtk9bFI6R",14,"1: I confirm","1: I will take it seriously","right","img/2D_Right_Y_Symmetry_X_Translation.svg",0,35,"1: male",NA,"not-Ysym"
"t5EcAXzBKQQQ",14,"1: I confirm","1: I will take it seriously","right","img/2D_Right_Y_Symmetry_X_Translation.svg",2,59,"1: male",NA,"Ysym"
"ybY2wJrg55LO",14,"1: I confirm","1: I will take it seriously","right","img/2D_Right_Y_Symmetry_X_Translation.svg",2,41,"2: female",NA,"Ysym"
